{"DefaultTint":{"r":1.0,"g":1.0,"b":1.0,"a":0.0},"FoldersData":{"Keys":["ca315173eba15dc42b8f08100776d4eb","bab66aec484beec4e9fe09e2ce8efe0b","185967ce66ce5634ba84cd3ab36d2893","112e3f87477d73e458f8527eb9511ced"],"Values":[{"_guid":"ca315173eba15dc42b8f08100776d4eb","_color":{"r":1.0,"g":0.4895673990249634,"b":0.0,"a":0.19607843458652497},"_recursive":true},{"_guid":"bab66aec484beec4e9fe09e2ce8efe0b","_color":{"r":1.0,"g":1.0,"b":1.0,"a":0.19607843458652497},"_recursive":true},{"_guid":"185967ce66ce5634ba84cd3ab36d2893","_color":{"r":0.9647059440612793,"g":0.7647059559822083,"b":0.07450980693101883,"a":0.19607843458652497},"_recursive":true},{"_guid":"112e3f87477d73e458f8527eb9511ced","_color":{"r":0.24000000953674317,"g":0.800000011920929,"b":0.3628661036491394,"a":0.19607843458652497},"_recursive":true}]}}